lucky,19102021190010.jpg,IHAVECPU,HyperX Cloud Alpha Headphone,6380.00,2,20/10/2021 - 01:19:37
adam,19102021185706.jpg,IHAVECPU,Keychron K2 V.2,3890.00,1,19/10/2021 - 23:10:38
adam,19102021183814.jpg,SuperSport,Juventus Jersey 2021,5998.00,2,18/10/2021 - 21:28:34
adam,19102021191433.jpg,PowerMall,SAMSUNG TV UHD LED 55",18780.00,1,18/10/2021 - 09:14:30
tony,19102021184934.jpg,IHAVECPU,Glorious Model O Gaming mouse,2390.00,1,17/10/2021 - 01:33:15
tony,19102021232000.jpg,Uniqlo,UV Protection Wool Cashmere Cap,1580.00,2,16/10/2021 - 23:19:11
pure,19102021181415.jpg,SuperSport,Liverpool Jersey 2021,3000.00,1,13/10/2021 - 19:47:39
pure,19102021192330.jpg,PowerMall,LG Refrigerator (21.7 Cubic / Silver),61839.00,1,13/10/2021 - 10:16:59
lucky,19102021232000.jpg,Uniqlo,UV Protection Wool Cashmere Cap,2370.00,3,11/10/2021 - 22:40:50
pure,19102021215239.jpg,Uniqlo,Graphic T-Shirt (Pokemon),590.00,1,08/10/2021 - 21:07:30
tony,19102021185706.jpg,IHAVECPU,Keychron K2 V.2,7780.00,2,08/10/2021 - 17:21:49
tony,19102021190301.jpg,IHAVECPU,GeForce RTX 3060,29900.00,1,03/10/2021 - 20:51:27
lucky,19102021181415.jpg,SuperSport,Liverpool Jersey 2021 By NIKE,3000.00,1,02/10/2021 - 17:37:03
